stock_code,top10_ratio_latest,report_count,top10_ratio_std,long_term_institution_count,institution_count_current,turnover_avg,latest_report_date,data_sufficient,filter_mode
001289,98.52,1,,0.0,4.0,0.0,2025-09-30,False,relaxed
601939,97.48,1,,0.0,4.0,0.0,2025-09-30,False,relaxed
601988,96.32000000000001,1,,0.0,4.0,0.0,2025-09-30,False,relaxed
601857,96.2,1,,0.0,3.0,0.0,2025-11-03,False,relaxed
601658,95.67999999999999,1,,0.0,2.0,0.0,2025-09-30,False,relaxed
601398,95.54,1,,0.0,4.0,0.0,2025-09-30,False,relaxed
600938,95.13,1,,0.0,2.0,0.0,2025-09-30,False,relaxed
601288,94.66,1,,0.0,4.0,0.0,2025-09-30,False,relaxed
601319,94.38000000000001,1,,0.0,5.0,0.0,2025-09-30,False,relaxed
601998,94.15,1,,0.0,3.0,0.0,2025-12-31,False,relaxed
603868,93.64999999999999,1,,0.0,2.0,0.0,2025-09-30,False,relaxed
600956,93.21000000000001,1,,0.0,2.0,0.0,2025-09-30,False,relaxed
000958,93.14,1,,0.0,2.0,0.0,2026-01-13,False,relaxed
601808,92.37,1,,0.0,5.0,0.0,2025-09-30,False,relaxed
605198,92.23,1,,0.0,2.0,0.0,2025-09-30,False,relaxed
301177,92.03999999999999,1,,0.0,3.0,0.0,2025-09-30,False,relaxed
601298,91.88,1,,0.0,2.0,0.0,2025-09-30,False,relaxed
301665,91.57,1,,0.0,2.0,0.0,2025-09-30,False,relaxed
601238,91.38,1,,0.0,2.0,0.0,2025-09-30,False,relaxed
300999,91.02,1,,0.0,4.0,0.0,2025-09-30,False,relaxed
601061,90.8,1,,0.0,3.0,0.0,2025-09-30,False,relaxed
301656,90.45,1,,0.0,2.0,0.0,2025-09-30,False,relaxed
301262,90.34,1,,0.0,2.0,0.0,2025-09-30,False,relaxed
301371,90.25,1,,0.0,2.0,0.0,2025-09-30,False,relaxed
601066,90.24000000000001,1,,0.0,3.0,0.0,2025-09-30,False,relaxed
688055,90.17,1,,0.0,2.0,0.0,2025-09-30,False,relaxed
601158,90.11,1,,0.0,3.0,0.0,2025-09-30,False,relaxed
600350,90.09,1,,0.0,5.0,0.0,2026-02-03,False,relaxed
601018,89.97,1,,0.0,4.0,0.0,2025-09-30,False,relaxed
603848,89.96000000000001,1,,0.0,2.0,0.0,2025-09-30,False,relaxed
001872,89.95,1,,0.0,2.0,0.0,2025-09-30,False,relaxed
601068,89.83,1,,0.0,2.0,0.0,2025-09-30,False,relaxed
301165,89.44,1,,0.0,3.0,0.0,2025-09-30,False,relaxed
300979,89.32,1,,0.0,3.0,0.0,2025-09-30,False,relaxed
603103,89.28999999999999,1,,0.0,3.0,0.0,2025-12-31,False,relaxed
601800,89.28,1,,0.0,6.0,0.0,2025-09-30,False,relaxed
601811,89.25,1,,0.0,4.0,0.0,2025-09-30,False,relaxed
301606,88.97,1,,0.0,3.0,0.0,2025-09-30,False,relaxed
002032,88.7,1,,0.0,3.0,0.0,2025-09-30,False,relaxed
603195,88.22,1,,0.0,5.0,0.0,2025-09-30,False,relaxed
600012,88.08,1,,0.0,4.0,0.0,2025-09-30,False,relaxed
003816,88.08,1,,0.0,2.0,0.0,2025-09-30,False,relaxed
688819,87.63,1,,0.0,2.0,0.0,2025-09-30,False,relaxed
600007,87.61,1,,0.0,2.0,0.0,2025-09-30,False,relaxed
601326,87.59,1,,0.0,2.0,0.0,2025-09-30,False,relaxed
001308,87.35,1,,0.0,2.0,0.0,2025-09-30,False,relaxed
301602,87.2,1,,0.0,3.0,0.0,2025-09-30,False,relaxed
301090,86.98,1,,0.0,3.0,0.0,2025-09-30,False,relaxed
605118,86.88,1,,0.0,3.0,0.0,2025-09-30,False,relaxed
603983,86.56,1,,0.0,6.0,0.0,2025-09-30,False,relaxed
600188,86.37,1,,0.0,4.0,0.0,2025-09-30,False,relaxed
600871,86.21000000000001,1,,0.0,2.0,0.0,2025-12-31,False,relaxed
601019,86.13,1,,0.0,2.0,0.0,2025-09-30,False,relaxed
600578,86.0,1,,0.0,4.0,0.0,2025-09-30,False,relaxed
601083,85.89,1,,0.0,5.0,0.0,2025-09-30,False,relaxed
002461,85.84,1,,0.0,2.0,0.0,2025-09-30,False,relaxed
601033,85.83,1,,0.0,3.0,0.0,2025-09-30,False,relaxed
301207,85.63,1,,0.0,2.0,0.0,2025-09-30,False,relaxed
688009,85.59,1,,0.0,5.0,0.0,2025-09-30,False,relaxed
688506,85.33,1,,0.0,4.0,0.0,2025-12-30,False,relaxed
601881,85.2,1,,0.0,4.0,0.0,2025-09-30,False,relaxed
600032,85.07000000000001,1,,0.0,2.0,0.0,2025-09-30,False,relaxed
002901,85.03,1,,0.0,2.0,0.0,2025-09-30,False,relaxed
600968,84.82000000000001,1,,0.0,5.0,0.0,2025-09-30,False,relaxed
601038,84.75,1,,0.0,3.0,0.0,2025-09-30,False,relaxed
601022,84.67,1,,0.0,3.0,0.0,2025-09-30,False,relaxed
688475,84.55,1,,0.0,5.0,0.0,2025-09-30,False,relaxed
603693,84.46000000000001,1,,0.0,2.0,0.0,2025-09-30,False,relaxed
601991,84.44,1,,0.0,3.0,0.0,2025-09-30,False,relaxed
603530,84.39,1,,0.0,3.0,0.0,2025-09-30,False,relaxed
600011,84.03,1,,0.0,2.0,0.0,2025-09-30,False,relaxed
601921,83.96000000000001,1,,0.0,2.0,0.0,2025-12-12,False,relaxed
688187,83.92,1,,0.0,3.0,0.0,2025-09-30,False,relaxed
001965,83.67,1,,0.0,2.0,0.0,2025-09-30,False,relaxed
600726,83.65,1,,0.0,3.0,0.0,2025-09-30,False,relaxed
001286,83.62,1,,0.0,2.0,0.0,2025-09-30,False,relaxed
000617,83.42999999999999,1,,0.0,4.0,0.0,2025-09-30,False,relaxed
600688,83.38,1,,0.0,2.0,0.0,2025-12-31,False,relaxed
601111,83.27,1,,0.0,3.0,0.0,2025-09-30,False,relaxed
601003,83.12,1,,0.0,2.0,0.0,2026-03-04,False,relaxed
600362,83.06,1,,0.0,6.0,0.0,2025-09-30,False,relaxed
603260,83.02,1,,0.0,2.0,0.0,2025-09-30,False,relaxed
688248,82.97,1,,0.0,3.0,0.0,2026-01-15,False,relaxed
000088,82.62,1,,0.0,3.0,0.0,2025-09-30,False,relaxed
601995,82.61,1,,0.0,5.0,0.0,2025-11-19,False,relaxed
000800,82.57,1,,0.0,2.0,0.0,2025-09-30,False,relaxed
605577,82.52,1,,0.0,3.0,0.0,2025-09-30,False,relaxed
003039,82.47,1,,0.0,2.0,0.0,2025-09-30,False,relaxed
600029,82.42999999999999,1,,0.0,3.0,0.0,2025-09-30,False,relaxed
600600,82.41,1,,0.0,3.0,0.0,2025-09-30,False,relaxed
688432,82.31,1,,0.0,2.0,0.0,2025-09-30,False,relaxed
603013,82.22,1,,0.0,4.0,0.0,2025-09-30,False,relaxed
688347,82.19,1,,0.0,3.0,0.0,2025-09-30,False,relaxed
601059,82.17,1,,0.0,3.0,0.0,2025-11-19,False,relaxed
603786,81.92999999999999,1,,0.0,2.0,0.0,2025-09-30,False,relaxed
688082,81.80999999999999,1,,0.0,4.0,0.0,2026-02-06,False,relaxed
688433,81.72,1,,0.0,6.0,0.0,2025-09-30,False,relaxed
603392,81.69,1,,0.0,2.0,0.0,2025-09-30,False,relaxed
601139,81.65,1,,0.0,4.0,0.0,2025-09-30,False,relaxed
603056,81.61,1,,0.0,4.0,0.0,2025-09-30,False,relaxed
601698,81.59,1,,0.0,3.0,0.0,2025-09-30,False,relaxed
000791,81.47,1,,0.0,2.0,0.0,2025-09-30,False,relaxed
605011,81.41,1,,0.0,3.0,0.0,2025-09-30,False,relaxed
301565,81.37,1,,0.0,2.0,0.0,2025-09-30,False,relaxed
600023,81.32000000000001,1,,0.0,3.0,0.0,2025-09-30,False,relaxed
300969,81.2,1,,0.0,3.0,0.0,2025-09-30,False,relaxed
601279,81.13,1,,0.0,2.0,0.0,2025-09-30,False,relaxed
601801,80.85,1,,0.0,3.0,0.0,2025-09-30,False,relaxed
601330,80.77,1,,0.0,2.0,0.0,2025-09-30,False,relaxed
688569,80.61,1,,0.0,3.0,0.0,2025-09-30,False,relaxed
603395,80.46,1,,0.0,2.0,0.0,2025-09-30,False,relaxed
002153,80.32,1,,0.0,3.0,0.0,2025-09-30,False,relaxed
688981,80.3,1,,0.0,4.0,0.0,2025-09-30,False,relaxed
301526,80.28,1,,0.0,2.0,0.0,2025-09-30,False,relaxed
601328,80.01,1,,0.0,2.0,0.0,2025-09-30,False,relaxed
688303,80.0,1,,0.0,3.0,0.0,2025-09-30,False,relaxed
600675,79.67999999999999,1,,0.0,3.0,0.0,2025-09-30,False,relaxed
000755,79.61,1,,0.0,2.0,0.0,2025-09-30,False,relaxed
002946,79.55999999999999,1,,0.0,2.0,0.0,2025-09-30,False,relaxed
002265,79.53,1,,0.0,4.0,0.0,2025-09-30,False,relaxed
001356,79.51,1,,0.0,3.0,0.0,2025-09-30,False,relaxed
603093,79.39,1,,0.0,3.0,0.0,2025-09-30,False,relaxed
601231,79.33,1,,0.0,2.0,0.0,2025-09-30,False,relaxed
603833,79.19,1,,0.0,7.0,0.0,2025-09-30,False,relaxed
601949,79.11,1,,0.0,2.0,0.0,2025-09-30,False,relaxed
002653,79.1,1,,0.0,2.0,0.0,2025-09-30,False,relaxed
600015,79.03,1,,0.0,2.0,0.0,2025-09-30,False,relaxed
600746,79.00999999999999,1,,0.0,6.0,0.0,2025-09-30,False,relaxed
301004,79.0,1,,0.0,3.0,0.0,2025-09-30,False,relaxed
000517,78.99,1,,0.0,2.0,0.0,2025-09-30,False,relaxed
605598,78.92,1,,0.0,2.0,0.0,2025-09-30,False,relaxed
000544,78.9,1,,0.0,2.0,0.0,2025-09-30,False,relaxed
000719,78.89,1,,0.0,5.0,0.0,2025-09-30,False,relaxed
600657,78.76,1,,0.0,3.0,0.0,2025-09-30,False,relaxed
600339,78.54,1,,0.0,2.0,0.0,2025-09-30,False,relaxed
000031,78.47,1,,0.0,3.0,0.0,2025-09-30,False,relaxed
301102,78.42,1,,0.0,3.0,0.0,2025-09-30,False,relaxed
603661,78.41,1,,0.0,2.0,0.0,2025-09-30,False,relaxed
688183,78.26,1,,0.0,3.0,0.0,2025-09-30,False,relaxed
601969,78.23,1,,0.0,2.0,0.0,2026-01-28,False,relaxed
300765,78.03999999999999,1,,0.0,5.0,0.0,2025-12-31,False,relaxed
301217,77.97999999999999,1,,0.0,2.0,0.0,2025-09-30,False,relaxed
002594,77.85000000000001,1,,0.0,2.0,0.0,2025-09-30,False,relaxed
605255,77.83,1,,0.0,2.0,0.0,2025-11-04,False,relaxed
601828,77.83,1,,0.0,2.0,0.0,2025-09-30,False,relaxed
301381,77.77,1,,0.0,2.0,0.0,2025-09-30,False,relaxed
600803,77.75,1,,0.0,3.0,0.0,2025-09-30,False,relaxed
601958,77.67,1,,0.0,2.0,0.0,2025-09-30,False,relaxed
301363,77.64,1,,0.0,2.0,0.0,2025-09-30,False,relaxed
000895,77.52,1,,0.0,2.0,0.0,2025-09-30,False,relaxed
603707,77.43,1,,0.0,6.0,0.0,2025-09-30,False,relaxed
688351,77.4,1,,0.0,2.0,0.0,2025-09-30,False,relaxed
603730,77.11,1,,0.0,3.0,0.0,2025-09-30,False,relaxed
603708,77.00999999999999,1,,0.0,4.0,0.0,2025-09-30,False,relaxed
300965,76.94999999999999,1,,0.0,2.0,0.0,2025-09-30,False,relaxed
300833,76.93,1,,0.0,3.0,0.0,2025-09-30,False,relaxed
000567,76.92999999999999,1,,0.0,2.0,0.0,2025-09-30,False,relaxed
301327,76.88000000000001,1,,0.0,3.0,0.0,2025-09-30,False,relaxed
688396,76.85,1,,0.0,4.0,0.0,2025-09-30,False,relaxed
301289,76.84,1,,0.0,2.0,0.0,2025-09-30,False,relaxed
000550,76.79,1,,0.0,5.0,0.0,2025-09-30,False,relaxed
605162,76.67,1,,0.0,2.0,0.0,2025-09-30,False,relaxed
605299,76.64,1,,0.0,2.0,0.0,2025-12-31,False,relaxed
601089,76.63,1,,0.0,2.0,0.0,2025-09-30,False,relaxed
600999,76.61,1,,0.0,3.0,0.0,2025-09-30,False,relaxed
600406,76.6,1,,0.0,3.0,0.0,2025-09-30,False,relaxed
001311,76.49,1,,0.0,3.0,0.0,2025-09-30,False,relaxed
688151,76.49,1,,0.0,2.0,0.0,2025-09-30,False,relaxed
688538,76.37,1,,0.0,3.0,0.0,2025-09-30,False,relaxed
301061,76.27000000000001,1,,0.0,2.0,0.0,2025-09-30,False,relaxed
001332,76.25999999999999,1,,0.0,3.0,0.0,2025-09-30,False,relaxed
600801,76.22,1,,0.0,3.0,0.0,2025-09-30,False,relaxed
301508,76.22,1,,0.0,2.0,0.0,2025-09-30,False,relaxed
603737,76.14,1,,0.0,3.0,0.0,2025-09-30,False,relaxed
688563,76.07000000000001,1,,0.0,4.0,0.0,2025-12-04,False,relaxed
601339,75.97,1,,0.0,2.0,0.0,2025-09-30,False,relaxed
301215,75.94,1,,0.0,2.0,0.0,2025-09-30,False,relaxed
002238,75.91,1,,0.0,2.0,0.0,2025-09-30,False,relaxed
001236,75.86,1,,0.0,4.0,0.0,2025-09-30,False,relaxed
002060,75.84,1,,0.0,5.0,0.0,2025-09-30,False,relaxed
301345,75.73,1,,0.0,2.0,0.0,2025-09-30,False,relaxed
002938,75.7,1,,0.0,5.0,0.0,2025-09-30,False,relaxed
001282,75.66,1,,0.0,2.0,0.0,2025-09-30,False,relaxed
688533,75.62,1,,0.0,3.0,0.0,2025-09-30,False,relaxed
601096,75.61,1,,0.0,5.0,0.0,2025-12-16,False,relaxed
603172,75.6,1,,0.0,2.0,0.0,2025-09-30,False,relaxed
301223,75.57,1,,0.0,2.0,0.0,2025-09-30,False,relaxed
688190,75.43,1,,0.0,2.0,0.0,2025-09-30,False,relaxed
601601,75.4,1,,0.0,2.0,0.0,2025-09-30,False,relaxed
300695,75.35,1,,0.0,2.0,0.0,2025-09-30,False,relaxed
688697,75.21,1,,0.0,2.0,0.0,2025-09-30,False,relaxed
605333,75.18,1,,0.0,4.0,0.0,2025-10-15,False,relaxed
688196,75.15,1,,0.0,3.0,0.0,2025-10-24,False,relaxed
600301,75.14,1,,0.0,3.0,0.0,2025-09-30,False,relaxed
688686,75.12,1,,0.0,3.0,0.0,2025-09-30,False,relaxed
688631,75.1,1,,0.0,3.0,0.0,2025-09-30,False,relaxed
605286,75.08,1,,0.0,2.0,0.0,2025-09-30,False,relaxed
002270,74.99,1,,0.0,3.0,0.0,2025-12-31,False,relaxed
603344,74.98,1,,0.0,2.0,0.0,2025-09-30,False,relaxed
300866,74.98,1,,0.0,2.0,0.0,2025-09-30,False,relaxed
688182,74.95,1,,0.0,2.0,0.0,2025-09-30,False,relaxed
300990,74.94,1,,0.0,4.0,0.0,2025-10-15,False,relaxed
603055,74.9,1,,0.0,3.0,0.0,2025-09-30,False,relaxed
603280,74.83,1,,0.0,2.0,0.0,2025-09-30,False,relaxed
601766,74.81,1,,0.0,6.0,0.0,2025-09-30,False,relaxed
601872,74.78,1,,0.0,3.0,0.0,2025-09-30,False,relaxed
600809,74.71,1,,0.0,2.0,0.0,2025-09-30,False,relaxed
688352,74.67,1,,0.0,2.0,0.0,2025-09-30,False,relaxed
603048,74.59,1,,0.0,3.0,0.0,2025-12-31,False,relaxed
301328,74.52,1,,0.0,2.0,0.0,2025-09-30,False,relaxed
001318,74.52,1,,0.0,2.0,0.0,2025-09-30,False,relaxed
000166,74.5,1,,0.0,2.0,0.0,2025-09-30,False,relaxed
600475,74.47,1,,0.0,2.0,0.0,2025-09-30,False,relaxed
603317,74.44,1,,0.0,2.0,0.0,2026-03-13,False,relaxed
301446,74.27,1,,0.0,3.0,0.0,2025-09-30,False,relaxed
301199,74.23,1,,0.0,2.0,0.0,2025-09-30,False,relaxed
605183,74.19,1,,0.0,2.0,0.0,2025-09-30,False,relaxed
603043,74.12,1,,0.0,2.0,0.0,2025-09-30,False,relaxed
301503,74.08,1,,0.0,3.0,0.0,2025-09-30,False,relaxed
002320,74.06,1,,0.0,2.0,0.0,2025-09-30,False,relaxed
000885,74.03,1,,0.0,2.0,0.0,2025-09-30,False,relaxed
301389,73.85000000000001,1,,0.0,4.0,0.0,2025-09-30,False,relaxed
603899,73.8,1,,0.0,2.0,0.0,2025-09-30,False,relaxed
600020,73.75,1,,0.0,4.0,0.0,2025-09-30,False,relaxed
301238,73.74000000000001,1,,0.0,4.0,0.0,2025-09-30,False,relaxed
603698,73.74,1,,0.0,2.0,0.0,2025-09-30,False,relaxed
605369,73.68,1,,0.0,2.0,0.0,2025-09-30,False,relaxed
301558,73.66,1,,0.0,3.0,0.0,2025-09-30,False,relaxed
601702,73.6,1,,0.0,3.0,0.0,2025-09-30,False,relaxed
000927,73.45,1,,0.0,2.0,0.0,2025-09-30,False,relaxed
601186,73.42,1,,0.0,6.0,0.0,2025-09-30,False,relaxed
600640,73.38,1,,0.0,2.0,0.0,2025-09-30,False,relaxed
301339,73.38,1,,0.0,3.0,0.0,2025-09-30,False,relaxed
605050,73.35,1,,0.0,2.0,0.0,2025-09-30,False,relaxed
601595,73.33,1,,0.0,6.0,0.0,2025-09-30,False,relaxed
601886,73.28,1,,0.0,3.0,0.0,2025-12-31,False,relaxed
301326,73.27,1,,0.0,4.0,0.0,2025-09-30,False,relaxed
300981,73.26,1,,0.0,2.0,0.0,2025-09-30,False,relaxed
688502,73.25,1,,0.0,2.0,0.0,2025-09-30,False,relaxed
601618,73.25,1,,0.0,4.0,0.0,2026-01-12,False,relaxed
300413,73.24000000000001,1,,0.0,5.0,0.0,2025-09-30,False,relaxed
601952,73.2,1,,0.0,4.0,0.0,2025-09-30,False,relaxed
301107,73.19,1,,0.0,3.0,0.0,2025-09-30,False,relaxed
002651,73.13000000000001,1,,0.0,4.0,0.0,2025-09-30,False,relaxed
600248,73.1,1,,0.0,4.0,0.0,2025-09-30,False,relaxed
688112,73.08,1,,0.0,3.0,0.0,2025-10-24,False,relaxed
603709,73.02000000000001,1,,0.0,2.0,0.0,2025-09-30,False,relaxed
002724,73.01,1,,0.0,3.0,0.0,2025-09-30,False,relaxed
600378,72.95,1,,0.0,2.0,0.0,2025-09-30,False,relaxed
688728,72.9,1,,0.0,3.0,0.0,2025-09-30,False,relaxed
000828,72.75,1,,0.0,3.0,0.0,2025-09-30,False,relaxed
000061,72.75,1,,0.0,5.0,0.0,2025-09-30,False,relaxed
603270,72.73,1,,0.0,2.0,0.0,2025-09-30,False,relaxed
601155,72.48,1,,0.0,5.0,0.0,2025-09-30,False,relaxed
300487,72.44,1,,0.0,6.0,0.0,2026-01-30,False,relaxed
000967,72.42,1,,0.0,3.0,0.0,2025-09-30,False,relaxed
688160,72.4,1,,0.0,3.0,0.0,2025-09-30,False,relaxed
688315,72.38,1,,0.0,2.0,0.0,2025-09-30,False,relaxed
600547,72.38,1,,0.0,3.0,0.0,2025-09-30,False,relaxed
603238,72.32,1,,0.0,2.0,0.0,2025-09-30,False,relaxed
002423,72.28,1,,0.0,3.0,0.0,2025-09-30,False,relaxed
000899,72.21,1,,0.0,3.0,0.0,2025-09-30,False,relaxed
002705,72.14,1,,0.0,3.0,0.0,2025-09-30,False,relaxed
603556,72.07,1,,0.0,3.0,0.0,2025-09-30,False,relaxed
603173,72.06,1,,0.0,2.0,0.0,2025-09-30,False,relaxed
001269,72.02,1,,0.0,2.0,0.0,2025-09-30,False,relaxed
688223,71.87,1,,0.0,3.0,0.0,2025-09-30,False,relaxed
301398,71.85,1,,0.0,2.0,0.0,2025-09-30,False,relaxed
002016,71.82000000000001,1,,0.0,2.0,0.0,2025-09-30,False,relaxed
601628,71.78,1,,0.0,5.0,0.0,2025-09-30,False,relaxed
001339,71.74,1,,0.0,3.0,0.0,2025-09-30,False,relaxed
601985,71.7,1,,0.0,2.0,0.0,2025-09-30,False,relaxed
600095,71.69,1,,0.0,2.0,0.0,2025-09-30,False,relaxed
002690,71.62,1,,0.0,2.0,0.0,2025-09-30,False,relaxed
600009,71.54,1,,0.0,4.0,0.0,2025-09-30,False,relaxed
601865,71.52,1,,0.0,2.0,0.0,2025-09-30,False,relaxed
688549,71.36,1,,0.0,3.0,0.0,2025-09-30,False,relaxed
600997,71.34,1,,0.0,2.0,0.0,2025-09-30,False,relaxed
300926,71.29,1,,0.0,3.0,0.0,2025-09-30,False,relaxed
300488,71.27,1,,0.0,3.0,0.0,2025-09-30,False,relaxed
688334,71.23,1,,0.0,2.0,0.0,2025-09-30,False,relaxed
688443,71.2,1,,0.0,2.0,0.0,2025-09-30,False,relaxed
002990,71.15,1,,0.0,2.0,0.0,2025-09-30,False,relaxed
600335,71.13000000000001,1,,0.0,6.0,0.0,2025-09-30,False,relaxed
603130,71.13,1,,0.0,2.0,0.0,2025-12-31,False,relaxed
605108,71.1,1,,0.0,2.0,0.0,2025-09-30,False,relaxed
301083,71.09,1,,0.0,2.0,0.0,2025-09-30,False,relaxed
600162,71.07,1,,0.0,3.0,0.0,2025-09-30,False,relaxed
603326,70.97,1,,0.0,3.0,0.0,2025-09-30,False,relaxed
600783,70.95,1,,0.0,2.0,0.0,2025-09-30,False,relaxed
301186,70.94,1,,0.0,2.0,0.0,2025-10-28,False,relaxed
002959,70.85000000000001,1,,0.0,3.0,0.0,2025-09-30,False,relaxed
002244,70.72999999999999,1,,0.0,2.0,0.0,2025-09-30,False,relaxed
601199,70.72,1,,0.0,2.0,0.0,2025-09-30,False,relaxed
300774,70.68,1,,0.0,3.0,0.0,2025-12-31,False,relaxed
603486,70.65,1,,0.0,2.0,0.0,2025-09-30,False,relaxed
600810,70.64999999999999,1,,0.0,3.0,0.0,2025-09-30,False,relaxed
603939,70.61,1,,0.0,2.0,0.0,2025-09-30,False,relaxed
600569,70.6,1,,0.0,5.0,0.0,2025-09-30,False,relaxed
600585,70.55,1,,0.0,7.0,0.0,2025-09-30,False,relaxed
000776,70.49,1,,0.0,3.0,0.0,2025-09-30,False,relaxed
688065,70.41,1,,0.0,2.0,0.0,2025-09-30,False,relaxed
300433,70.38,1,,0.0,3.0,0.0,2025-09-30,False,relaxed
002314,70.36,1,,0.0,4.0,0.0,2025-09-30,False,relaxed
600163,70.32000000000001,1,,0.0,2.0,0.0,2025-09-30,False,relaxed
600332,70.26,1,,0.0,4.0,0.0,2025-09-30,False,relaxed
300820,70.22,1,,0.0,2.0,0.0,2025-09-30,False,relaxed
600642,70.2,1,,0.0,3.0,0.0,2025-09-30,False,relaxed
300577,70.16,1,,0.0,6.0,0.0,2025-09-30,False,relaxed
300389,70.04,1,,0.0,2.0,0.0,2025-09-30,False,relaxed
600377,70.00999999999999,1,,0.0,2.0,0.0,2025-09-30,False,relaxed
603650,69.95,1,,0.0,2.0,0.0,2025-09-30,False,relaxed
600874,69.95,1,,0.0,3.0,0.0,2025-09-30,False,relaxed
601518,69.76,1,,0.0,2.0,0.0,2025-09-30,False,relaxed
688472,69.67,1,,0.0,4.0,0.0,2025-09-30,False,relaxed
688041,69.67,1,,0.0,3.0,0.0,2025-09-30,False,relaxed
605338,69.65,1,,0.0,2.0,0.0,2025-09-30,False,relaxed
002267,69.62,1,,0.0,3.0,0.0,2025-12-09,False,relaxed
300033,69.55,1,,0.0,2.0,0.0,2025-12-31,False,relaxed
603298,69.5,1,,0.0,2.0,0.0,2025-09-30,False,relaxed
603099,69.5,1,,0.0,4.0,0.0,2025-11-06,False,relaxed
600764,69.44,1,,0.0,2.0,0.0,2025-09-30,False,relaxed
300760,69.39999999999999,1,,0.0,4.0,0.0,2025-09-30,False,relaxed
603728,69.29,1,,0.0,2.0,0.0,2025-09-30,False,relaxed
605259,69.26,1,,0.0,2.0,0.0,2025-09-30,False,relaxed
000600,69.14,1,,0.0,9.0,0.0,2025-09-30,False,relaxed
603639,69.11,1,,0.0,3.0,0.0,2025-09-30,False,relaxed
600901,69.05,1,,0.0,4.0,0.0,2025-09-30,False,relaxed
000729,69.0,1,,0.0,3.0,0.0,2025-09-30,False,relaxed
688188,68.92999999999999,1,,0.0,2.0,0.0,2025-09-30,False,relaxed
301292,68.87,1,,0.0,2.0,0.0,2025-09-30,False,relaxed
301261,68.74,1,,0.0,2.0,0.0,2025-09-30,False,relaxed
601788,68.65,1,,0.0,4.0,0.0,2025-09-30,False,relaxed
688036,68.62,1,,0.0,6.0,0.0,2025-09-30,False,relaxed
688519,68.6,1,,0.0,3.0,0.0,2026-03-16,False,relaxed
301000,68.59,1,,0.0,2.0,0.0,2025-09-30,False,relaxed
600132,68.51,1,,0.0,2.0,0.0,2025-12-31,False,relaxed
002498,68.46000000000001,1,,0.0,3.0,0.0,2025-09-30,False,relaxed
601226,68.45,1,,0.0,3.0,0.0,2025-09-30,False,relaxed
300723,68.45,1,,0.0,2.0,0.0,2025-12-15,False,relaxed
301153,68.44,1,,0.0,2.0,0.0,2025-09-30,False,relaxed
603806,68.36,1,,0.0,5.0,0.0,2025-09-30,False,relaxed
600651,68.14999999999999,1,,0.0,4.0,0.0,2025-09-30,False,relaxed
601100,68.14,1,,0.0,3.0,0.0,2025-09-30,False,relaxed
601699,68.1,1,,0.0,3.0,0.0,2025-09-30,False,relaxed
300080,68.08,1,,0.0,3.0,0.0,2025-09-30,False,relaxed
600598,68.05,1,,0.0,2.0,0.0,2025-09-30,False,relaxed
600027,68.02,1,,0.0,2.0,0.0,2025-09-30,False,relaxed
600511,67.98,1,,0.0,2.0,0.0,2025-12-31,False,relaxed
603203,67.97,1,,0.0,2.0,0.0,2025-09-30,False,relaxed
002679,67.88,1,,0.0,2.0,0.0,2025-09-30,False,relaxed
605098,67.73,1,,0.0,2.0,0.0,2025-12-15,False,relaxed
601668,67.7,1,,0.0,5.0,0.0,2025-09-30,False,relaxed
688279,67.66,1,,0.0,2.0,0.0,2025-09-30,False,relaxed
688306,67.64,1,,0.0,2.0,0.0,2025-09-30,False,relaxed
000538,67.62,1,,0.0,2.0,0.0,2025-09-30,False,relaxed
688278,67.59,1,,0.0,2.0,0.0,2025-09-30,False,relaxed
688586,67.57000000000001,1,,0.0,2.0,0.0,2025-12-31,False,relaxed
600729,67.57000000000001,1,,0.0,5.0,0.0,2025-12-31,False,relaxed
603289,67.55,1,,0.0,3.0,0.0,2025-09-30,False,relaxed
600415,67.53999999999999,1,,0.0,3.0,0.0,2025-09-30,False,relaxed
603929,67.53,1,,0.0,2.0,0.0,2025-12-31,False,relaxed
605319,67.49,1,,0.0,2.0,0.0,2025-09-30,False,relaxed
601121,67.48,1,,0.0,2.0,0.0,2026-02-10,False,relaxed
300917,67.36,1,,0.0,3.0,0.0,2025-09-30,False,relaxed
002867,67.33,1,,0.0,3.0,0.0,2025-09-30,False,relaxed
300442,67.31,1,,0.0,2.0,0.0,2026-02-05,False,relaxed
301518,67.23,1,,0.0,2.0,0.0,2026-01-16,False,relaxed
688376,67.22999999999999,1,,0.0,2.0,0.0,2025-09-30,False,relaxed
001337,67.17,1,,0.0,2.0,0.0,2025-09-30,False,relaxed
002352,67.12,1,,0.0,2.0,0.0,2025-11-07,False,relaxed
688234,67.03,1,,0.0,3.0,0.0,2025-09-30,False,relaxed
603565,67.01,1,,0.0,2.0,0.0,2025-09-30,False,relaxed
003021,66.94,1,,0.0,3.0,0.0,2025-09-30,False,relaxed
688157,66.92,1,,0.0,2.0,0.0,2025-09-30,False,relaxed
688332,66.91,1,,0.0,2.0,0.0,2025-09-30,False,relaxed
600436,66.75,1,,0.0,2.0,0.0,2025-09-30,False,relaxed
688228,66.75,1,,0.0,2.0,0.0,2026-02-24,False,relaxed
301517,66.73,1,,0.0,2.0,0.0,2025-09-30,False,relaxed
002859,66.62,1,,0.0,4.0,0.0,2026-03-02,False,relaxed
600710,66.58,1,,0.0,3.0,0.0,2025-09-30,False,relaxed
002545,66.53999999999999,1,,0.0,5.0,0.0,2025-09-30,False,relaxed
002916,66.53999999999999,1,,0.0,5.0,0.0,2025-12-31,False,relaxed
600058,66.53,1,,0.0,3.0,0.0,2025-12-29,False,relaxed
688776,66.51,1,,0.0,2.0,0.0,2025-09-30,False,relaxed
688073,66.5,1,,0.0,2.0,0.0,2025-09-30,False,relaxed
000001,66.45,1,,0.0,4.0,0.0,2025-09-30,False,relaxed
002993,66.42,1,,0.0,2.0,0.0,2025-09-30,False,relaxed
002051,66.4,1,,0.0,4.0,0.0,2025-10-22,False,relaxed
600282,66.37,1,,0.0,4.0,0.0,2025-12-31,False,relaxed
600861,66.32,1,,0.0,2.0,0.0,2025-09-30,False,relaxed
603351,66.29,1,,0.0,2.0,0.0,2025-09-30,False,relaxed
605016,66.1,1,,0.0,4.0,0.0,2025-09-30,False,relaxed
600398,66.08,1,,0.0,2.0,0.0,2025-09-30,False,relaxed
600376,66.03,1,,0.0,4.0,0.0,2025-09-30,False,relaxed
300856,65.98,1,,0.0,2.0,0.0,2025-11-27,False,relaxed
603893,65.94,1,,0.0,2.0,0.0,2026-02-12,False,relaxed
000685,65.92999999999999,1,,0.0,3.0,0.0,2025-09-30,False,relaxed
603630,65.91,1,,0.0,2.0,0.0,2025-09-30,False,relaxed
601015,65.87,1,,0.0,2.0,0.0,2025-09-30,False,relaxed
600690,65.86,1,,0.0,2.0,0.0,2025-09-30,False,relaxed
002871,65.86,1,,0.0,2.0,0.0,2025-09-30,False,relaxed
601689,65.65,1,,0.0,4.0,0.0,2025-09-30,False,relaxed
002518,65.53999999999999,1,,0.0,6.0,0.0,2025-09-30,False,relaxed
601877,65.53,1,,0.0,5.0,0.0,2025-09-30,False,relaxed
301550,65.52,1,,0.0,2.0,0.0,2025-09-30,False,relaxed
002991,65.51,1,,0.0,2.0,0.0,2025-09-30,False,relaxed
600126,65.5,1,,0.0,2.0,0.0,2025-09-30,False,relaxed
688439,65.24,1,,0.0,3.0,0.0,2025-09-30,False,relaxed
605555,65.22,1,,0.0,2.0,0.0,2025-09-30,False,relaxed
000657,65.18,1,,0.0,3.0,0.0,2025-09-30,False,relaxed
603699,65.17999999999999,1,,0.0,2.0,0.0,2025-09-30,False,relaxed
002311,65.17,1,,0.0,4.0,0.0,2025-11-07,False,relaxed
601888,65.16,1,,0.0,4.0,0.0,2025-09-30,False,relaxed
603856,65.1,1,,0.0,2.0,0.0,2025-12-24,False,relaxed
002468,65.03,1,,0.0,2.0,0.0,2025-09-30,False,relaxed
688111,65.03,1,,0.0,4.0,0.0,2025-09-30,False,relaxed
000514,64.99,1,,0.0,3.0,0.0,2025-09-30,False,relaxed
301421,64.95,1,,0.0,3.0,0.0,2025-09-30,False,relaxed
002490,64.92999999999999,1,,0.0,2.0,0.0,2025-09-30,False,relaxed
688236,64.88,1,,0.0,2.0,0.0,2025-09-30,False,relaxed
002080,64.86,1,,0.0,4.0,0.0,2025-12-31,False,relaxed
601136,64.8,1,,0.0,3.0,0.0,2026-03-17,False,relaxed
002372,64.74,1,,0.0,2.0,0.0,2025-09-30,False,relaxed
688249,64.69,1,,0.0,3.0,0.0,2025-09-30,False,relaxed
601001,64.68,1,,0.0,4.0,0.0,2025-09-30,False,relaxed
002158,64.60000000000001,1,,0.0,3.0,0.0,2025-09-30,False,relaxed
300957,64.6,1,,0.0,3.0,0.0,2025-09-30,False,relaxed
600780,64.53999999999999,1,,0.0,3.0,0.0,2025-09-30,False,relaxed
601965,64.52,1,,0.0,2.0,0.0,2025-09-30,False,relaxed
600693,64.52,1,,0.0,2.0,0.0,2025-09-30,False,relaxed
002294,64.5,1,,0.0,4.0,0.0,2025-09-30,False,relaxed
688660,64.48,1,,0.0,2.0,0.0,2025-09-30,False,relaxed
002768,64.46000000000001,1,,0.0,2.0,0.0,2025-09-30,False,relaxed
688114,64.45,1,,0.0,2.0,0.0,2025-09-30,False,relaxed
601006,64.42,1,,0.0,3.0,0.0,2025-09-30,False,relaxed
600036,64.37,1,,0.0,4.0,0.0,2025-09-30,False,relaxed
600510,64.21,1,,0.0,3.0,0.0,2025-09-30,False,relaxed
000048,64.2,1,,0.0,2.0,0.0,2025-12-08,False,relaxed
300702,64.18,1,,0.0,2.0,0.0,2025-09-30,False,relaxed
601360,64.18,1,,0.0,4.0,0.0,2025-09-30,False,relaxed
601669,64.17999999999999,1,,0.0,5.0,0.0,2025-09-30,False,relaxed
600582,64.16,1,,0.0,3.0,0.0,2025-09-30,False,relaxed
603508,64.15,1,,0.0,4.0,0.0,2025-09-30,False,relaxed
000513,64.06,1,,0.0,3.0,0.0,2025-09-30,False,relaxed
601107,64.03,1,,0.0,2.0,0.0,2025-09-30,False,relaxed
000983,64.03,1,,0.0,2.0,0.0,2025-09-30,False,relaxed
000655,64.02,1,,0.0,3.0,0.0,2025-09-30,False,relaxed
301155,63.97,1,,0.0,3.0,0.0,2025-09-30,False,relaxed
601369,63.93,1,,0.0,2.0,0.0,2025-09-30,False,relaxed
603338,63.9,1,,0.0,2.0,0.0,2025-09-30,False,relaxed
000429,63.87,1,,0.0,2.0,0.0,2025-12-31,False,relaxed
000963,63.84,1,,0.0,3.0,0.0,2025-09-30,False,relaxed
002508,63.739999999999995,1,,0.0,2.0,0.0,2025-09-30,False,relaxed
600795,63.73,1,,0.0,5.0,0.0,2025-09-30,False,relaxed
301291,63.7,1,,0.0,2.0,0.0,2025-09-30,False,relaxed
600177,63.68,1,,0.0,3.0,0.0,2025-09-30,False,relaxed
600269,63.68,1,,0.0,2.0,0.0,2025-09-30,False,relaxed
300323,63.620000000000005,1,,0.0,2.0,0.0,2025-09-30,False,relaxed
002977,63.459999999999994,1,,0.0,2.0,0.0,2025-09-30,False,relaxed
300206,63.45,1,,0.0,3.0,0.0,2025-09-30,False,relaxed
601021,63.43000000000001,1,,0.0,4.0,0.0,2025-09-30,False,relaxed
300528,63.31,1,,0.0,2.0,0.0,2025-09-30,False,relaxed
300122,63.29,1,,0.0,3.0,0.0,2025-09-30,False,relaxed
002955,63.29,1,,0.0,2.0,0.0,2025-12-31,False,relaxed
601600,63.25,1,,0.0,3.0,0.0,2025-09-30,False,relaxed
600987,63.220000000000006,1,,0.0,2.0,0.0,2025-09-30,False,relaxed
300821,63.129999999999995,1,,0.0,2.0,0.0,2025-09-30,False,relaxed
002408,63.08,1,,0.0,2.0,0.0,2025-09-30,False,relaxed
688203,62.93,1,,0.0,2.0,0.0,2025-09-30,False,relaxed
002761,62.79,1,,0.0,4.0,0.0,2026-01-27,False,relaxed
605117,62.72,1,,0.0,2.0,0.0,2025-09-30,False,relaxed
600998,62.7,1,,0.0,2.0,0.0,2025-09-30,False,relaxed
601606,62.63,1,,0.0,4.0,0.0,2025-09-30,False,relaxed
000672,62.61,1,,0.0,3.0,0.0,2025-09-30,False,relaxed
600211,62.59,1,,0.0,2.0,0.0,2025-12-31,False,relaxed
600717,62.49,1,,0.0,4.0,0.0,2025-09-30,False,relaxed
002208,62.4,1,,0.0,2.0,0.0,2025-09-30,False,relaxed
002371,62.29,1,,0.0,3.0,0.0,2026-02-10,False,relaxed
600006,62.27,1,,0.0,2.0,0.0,2025-09-30,False,relaxed
600035,62.2,1,,0.0,2.0,0.0,2025-09-30,False,relaxed
600010,62.150000000000006,1,,0.0,6.0,0.0,2025-09-30,False,relaxed
002459,62.14,1,,0.0,5.0,0.0,2025-09-30,False,relaxed
600757,62.11,1,,0.0,6.0,0.0,2025-09-30,False,relaxed
688365,62.07,1,,0.0,2.0,0.0,2025-09-30,False,relaxed
300171,62.059999999999995,1,,0.0,2.0,0.0,2025-09-30,False,relaxed
002987,62.05,1,,0.0,2.0,0.0,2025-09-30,False,relaxed
000598,62.03,1,,0.0,4.0,0.0,2025-09-30,False,relaxed
300832,62.019999999999996,1,,0.0,2.0,0.0,2026-02-27,False,relaxed
600173,62.0,1,,0.0,2.0,0.0,2025-12-31,False,relaxed
000786,61.949999999999996,1,,0.0,3.0,0.0,2025-09-30,False,relaxed
300580,61.910000000000004,1,,0.0,3.0,0.0,2025-09-30,False,relaxed
000950,61.91,1,,0.0,2.0,0.0,2025-09-30,False,relaxed
600971,61.9,1,,0.0,4.0,0.0,2026-01-29,False,relaxed
603166,61.89,1,,0.0,2.0,0.0,2025-09-30,False,relaxed
603988,61.88,1,,0.0,2.0,0.0,2025-09-30,False,relaxed
002041,61.88,1,,0.0,4.0,0.0,2025-09-30,False,relaxed
603380,61.81999999999999,1,,0.0,2.0,0.0,2025-09-30,False,relaxed
600469,61.809999999999995,1,,0.0,3.0,0.0,2026-02-12,False,relaxed
002378,61.8,1,,0.0,5.0,0.0,2025-09-30,False,relaxed
603328,61.78,1,,0.0,3.0,0.0,2025-09-30,False,relaxed
002600,61.73,1,,0.0,4.0,0.0,2025-09-30,False,relaxed
600033,61.709999999999994,1,,0.0,4.0,0.0,2025-09-30,False,relaxed
002791,61.69,1,,0.0,2.0,0.0,2025-09-30,False,relaxed
000089,61.65,1,,0.0,5.0,0.0,2025-09-30,False,relaxed
002833,61.65,1,,0.0,3.0,0.0,2025-09-30,False,relaxed
600576,61.64,1,,0.0,2.0,0.0,2025-11-17,False,relaxed
301175,61.5,1,,0.0,3.0,0.0,2025-09-30,False,relaxed
002001,61.48,1,,0.0,4.0,0.0,2025-09-30,False,relaxed
603228,61.470000000000006,1,,0.0,3.0,0.0,2025-09-30,False,relaxed
300316,61.4,1,,0.0,3.0,0.0,2025-09-30,False,relaxed
000768,61.370000000000005,1,,0.0,3.0,0.0,2025-09-30,False,relaxed
688799,61.370000000000005,1,,0.0,2.0,0.0,2025-09-30,False,relaxed
600315,61.35,1,,0.0,3.0,0.0,2025-09-30,False,relaxed
002327,61.199999999999996,1,,0.0,4.0,0.0,2025-09-30,False,relaxed
603871,61.160000000000004,1,,0.0,2.0,0.0,2025-09-30,False,relaxed
601901,61.14,1,,0.0,2.0,0.0,2025-09-30,False,relaxed
600196,61.14,1,,0.0,4.0,0.0,2025-09-30,False,relaxed
301235,61.13,1,,0.0,4.0,0.0,2025-09-30,False,relaxed
603888,61.12,1,,0.0,3.0,0.0,2026-01-08,False,relaxed
688271,61.05,1,,0.0,3.0,0.0,2025-09-30,False,relaxed
600428,61.04,1,,0.0,4.0,0.0,2025-09-30,False,relaxed
300952,61.019999999999996,1,,0.0,3.0,0.0,2025-09-30,False,relaxed
002626,60.96,1,,0.0,2.0,0.0,2025-09-30,False,relaxed
603305,60.940000000000005,1,,0.0,2.0,0.0,2025-09-30,False,relaxed
603444,60.94,1,,0.0,4.0,0.0,2025-09-30,False,relaxed
000543,60.93,1,,0.0,3.0,0.0,2025-09-30,False,relaxed
603218,60.9,1,,0.0,2.0,0.0,2025-09-30,False,relaxed
603100,60.86,1,,0.0,5.0,0.0,2025-11-14,False,relaxed
300787,60.86,1,,0.0,3.0,0.0,2025-09-30,False,relaxed
300843,60.82,1,,0.0,2.0,0.0,2025-09-30,False,relaxed
600026,60.74,1,,0.0,2.0,0.0,2025-10-22,False,relaxed
002204,60.71,1,,0.0,6.0,0.0,2025-09-30,False,relaxed
600583,60.7,1,,0.0,3.0,0.0,2025-09-30,False,relaxed
002612,60.67,1,,0.0,3.0,0.0,2025-09-30,False,relaxed
603659,60.669999999999995,1,,0.0,3.0,0.0,2025-12-31,False,relaxed
001206,60.57,1,,0.0,2.0,0.0,2025-10-13,False,relaxed
300015,60.56,1,,0.0,3.0,0.0,2025-09-30,False,relaxed
300887,60.55,1,,0.0,2.0,0.0,2026-03-12,False,relaxed
600038,60.54,1,,0.0,2.0,0.0,2025-09-30,False,relaxed
000096,60.54,1,,0.0,3.0,0.0,2025-09-30,False,relaxed
601619,60.519999999999996,1,,0.0,4.0,0.0,2026-01-21,False,relaxed
600812,60.519999999999996,1,,0.0,3.0,0.0,2025-09-30,False,relaxed
603360,60.51,1,,0.0,2.0,0.0,2025-09-30,False,relaxed
600160,60.49,1,,0.0,3.0,0.0,2025-09-30,False,relaxed
301161,60.4,1,,0.0,3.0,0.0,2025-09-30,False,relaxed
002595,60.39,1,,0.0,2.0,0.0,2025-09-30,False,relaxed
600875,60.32,1,,0.0,3.0,0.0,2025-09-30,False,relaxed
000810,60.27,1,,0.0,2.0,0.0,2025-09-30,False,relaxed
600373,60.26,1,,0.0,2.0,0.0,2025-09-30,False,relaxed
301029,60.18,1,,0.0,2.0,0.0,2025-09-30,False,relaxed
688628,60.150000000000006,1,,0.0,2.0,0.0,2025-09-30,False,relaxed
002906,60.15,1,,0.0,3.0,0.0,2025-09-30,False,relaxed
600208,60.089999999999996,1,,0.0,3.0,0.0,2026-03-06,False,relaxed
600161,60.04,1,,0.0,3.0,0.0,2026-03-06,False,relaxed
300617,60.02,1,,0.0,2.0,0.0,2025-09-30,False,relaxed
000597,60.019999999999996,1,,0.0,2.0,0.0,2025-09-30,False,relaxed
600085,60.0,1,,0.0,5.0,0.0,2025-09-30,False,relaxed
000596,59.870000000000005,1,,0.0,2.0,0.0,2025-09-30,False,relaxed
000737,59.87,1,,0.0,3.0,0.0,2025-09-30,False,relaxed
000028,59.72,1,,0.0,4.0,0.0,2025-09-30,False,relaxed
002048,59.72,1,,0.0,2.0,0.0,2026-03-04,False,relaxed
600958,59.62,1,,0.0,2.0,0.0,2025-09-30,False,relaxed
603290,59.559999999999995,1,,0.0,2.0,0.0,2025-09-30,False,relaxed
601200,59.52,1,,0.0,2.0,0.0,2025-09-30,False,relaxed
000728,59.36,1,,0.0,2.0,0.0,2025-09-30,False,relaxed
688617,59.34,1,,0.0,3.0,0.0,2026-02-09,False,relaxed
300485,59.28,1,,0.0,2.0,0.0,2025-09-30,False,relaxed
300810,59.22,1,,0.0,2.0,0.0,2025-09-30,False,relaxed
603032,59.19,1,,0.0,2.0,0.0,2025-09-30,False,relaxed
600967,59.17,1,,0.0,2.0,0.0,2025-09-30,False,relaxed
603136,58.99,1,,0.0,3.0,0.0,2025-09-30,False,relaxed
603127,58.980000000000004,1,,0.0,3.0,0.0,2025-09-30,False,relaxed
603106,58.96,1,,0.0,2.0,0.0,2025-09-30,False,relaxed
002749,58.949999999999996,1,,0.0,3.0,0.0,2025-09-30,False,relaxed
301085,58.88,1,,0.0,2.0,0.0,2025-09-30,False,relaxed
600716,58.879999999999995,1,,0.0,2.0,0.0,2025-09-30,False,relaxed
688739,58.83,1,,0.0,5.0,0.0,2025-09-30,False,relaxed
002375,58.730000000000004,1,,0.0,2.0,0.0,2025-09-30,False,relaxed
300455,58.64,1,,0.0,2.0,0.0,2025-09-30,False,relaxed
603701,58.63,1,,0.0,3.0,0.0,2025-09-30,False,relaxed
002730,58.62,1,,0.0,2.0,0.0,2025-09-30,False,relaxed
688084,58.58,1,,0.0,2.0,0.0,2025-09-30,False,relaxed
603997,58.5,1,,0.0,4.0,0.0,2025-09-30,False,relaxed
601799,58.43,1,,0.0,2.0,0.0,2025-12-31,False,relaxed
301396,58.42,1,,0.0,2.0,0.0,2025-09-30,False,relaxed
000333,58.370000000000005,1,,0.0,3.0,0.0,2025-09-30,False,relaxed
002588,58.370000000000005,1,,0.0,2.0,0.0,2025-09-30,False,relaxed
002568,58.36,1,,0.0,3.0,0.0,2025-10-15,False,relaxed
688789,58.32,1,,0.0,3.0,0.0,2025-09-30,False,relaxed
002243,58.31,1,,0.0,2.0,0.0,2025-09-30,False,relaxed
600550,58.169999999999995,1,,0.0,2.0,0.0,2025-12-26,False,relaxed
002881,58.12,1,,0.0,4.0,0.0,2025-09-30,False,relaxed
600183,58.07,1,,0.0,5.0,0.0,2025-09-30,False,relaxed
600893,58.06,1,,0.0,2.0,0.0,2025-09-30,False,relaxed
300751,58.06,1,,0.0,3.0,0.0,2025-09-30,False,relaxed
002737,58.0,1,,0.0,2.0,0.0,2025-09-30,False,relaxed
600223,57.97,1,,0.0,2.0,0.0,2025-09-30,False,relaxed
300858,57.85,1,,0.0,3.0,0.0,2025-09-30,False,relaxed
300196,57.81,1,,0.0,2.0,0.0,2025-09-30,False,relaxed
300776,57.72,1,,0.0,3.0,0.0,2025-09-30,False,relaxed
600895,57.71,1,,0.0,4.0,0.0,2025-09-30,False,relaxed
300584,57.699999999999996,1,,0.0,3.0,0.0,2025-09-30,False,relaxed
600649,57.69,1,,0.0,4.0,0.0,2025-09-30,False,relaxed
002489,57.68,1,,0.0,3.0,0.0,2025-09-30,False,relaxed
002891,57.67,1,,0.0,2.0,0.0,2026-01-23,False,relaxed
300641,57.63,1,,0.0,3.0,0.0,2025-09-30,False,relaxed
002870,57.58,1,,0.0,2.0,0.0,2025-09-30,False,relaxed
688136,57.56,1,,0.0,3.0,0.0,2025-11-20,False,relaxed
600864,57.49,1,,0.0,2.0,0.0,2025-09-30,False,relaxed
600597,57.4,1,,0.0,6.0,0.0,2025-09-30,False,relaxed
603808,57.39,1,,0.0,2.0,0.0,2025-09-30,False,relaxed
600682,57.35,1,,0.0,2.0,0.0,2025-09-30,False,relaxed
601000,57.28,1,,0.0,2.0,0.0,2025-09-30,False,relaxed
002928,57.28,1,,0.0,4.0,0.0,2025-09-30,False,relaxed
601878,57.13,1,,0.0,4.0,0.0,2025-09-30,False,relaxed
301307,57.129999999999995,1,,0.0,2.0,0.0,2025-09-30,False,relaxed
603605,57.11,1,,0.0,2.0,0.0,2025-12-30,False,relaxed
300260,57.1,1,,0.0,2.0,0.0,2025-09-30,False,relaxed
002727,57.05,1,,0.0,3.0,0.0,2025-12-17,False,relaxed
600017,57.05,1,,0.0,3.0,0.0,2025-09-30,False,relaxed
688322,57.0,1,,0.0,3.0,0.0,2025-10-13,False,relaxed
002884,57.0,1,,0.0,3.0,0.0,2025-09-30,False,relaxed
605168,56.989999999999995,1,,0.0,2.0,0.0,2026-02-02,False,relaxed
002351,56.95,1,,0.0,4.0,0.0,2025-09-30,False,relaxed
600605,56.94,1,,0.0,2.0,0.0,2025-12-31,False,relaxed
601390,56.83,1,,0.0,3.0,0.0,2025-09-30,False,relaxed
002310,56.74,1,,0.0,2.0,0.0,2025-09-30,False,relaxed
300811,56.74,1,,0.0,2.0,0.0,2025-09-30,False,relaxed
603122,56.73,1,,0.0,2.0,0.0,2025-12-31,False,relaxed
002142,56.71,1,,0.0,2.0,0.0,2025-09-30,False,relaxed
605090,56.6,1,,0.0,2.0,0.0,2025-09-30,False,relaxed
603200,56.55,1,,0.0,4.0,0.0,2025-09-30,False,relaxed
688256,56.54,1,,0.0,2.0,0.0,2025-12-31,False,relaxed
002541,56.5,1,,0.0,2.0,0.0,2025-09-30,False,relaxed
002419,56.480000000000004,1,,0.0,2.0,0.0,2025-12-31,False,relaxed
600489,56.480000000000004,1,,0.0,5.0,0.0,2025-09-30,False,relaxed
300869,56.47,1,,0.0,2.0,0.0,2025-09-30,False,relaxed
002500,56.38,1,,0.0,2.0,0.0,2025-09-30,False,relaxed
300357,56.16,1,,0.0,2.0,0.0,2025-09-30,False,relaxed
688578,56.120000000000005,1,,0.0,3.0,0.0,2025-09-30,False,relaxed
300354,56.11000000000001,1,,0.0,2.0,0.0,2025-09-30,False,relaxed
002635,56.08,1,,0.0,3.0,0.0,2025-09-30,False,relaxed
603590,56.04,1,,0.0,2.0,0.0,2025-10-15,False,relaxed
603533,55.86,1,,0.0,3.0,0.0,2025-09-30,False,relaxed
688293,55.839999999999996,1,,0.0,2.0,0.0,2026-02-05,False,relaxed
002531,55.839999999999996,1,,0.0,5.0,0.0,2025-09-30,False,relaxed
688296,55.839999999999996,1,,0.0,2.0,0.0,2025-09-30,False,relaxed
000880,55.81,1,,0.0,3.0,0.0,2025-09-30,False,relaxed
688165,55.75,1,,0.0,2.0,0.0,2026-01-26,False,relaxed
603279,55.74,1,,0.0,4.0,0.0,2025-09-30,False,relaxed
603712,55.730000000000004,1,,0.0,4.0,0.0,2025-09-30,False,relaxed
300785,55.720000000000006,1,,0.0,2.0,0.0,2025-09-30,False,relaxed
002056,55.550000000000004,1,,0.0,4.0,0.0,2025-09-30,False,relaxed
600827,55.54,1,,0.0,3.0,0.0,2025-09-30,False,relaxed
002150,55.54,1,,0.0,2.0,0.0,2025-09-30,False,relaxed
300454,55.48,1,,0.0,2.0,0.0,2025-09-30,False,relaxed
600486,55.43,1,,0.0,6.0,0.0,2025-09-30,False,relaxed
002285,55.27,1,,0.0,2.0,0.0,2025-09-30,False,relaxed
603309,55.25,1,,0.0,2.0,0.0,2025-09-30,False,relaxed
688509,55.22,1,,0.0,2.0,0.0,2025-09-30,False,relaxed
688410,55.21,1,,0.0,2.0,0.0,2025-09-30,False,relaxed
000402,55.18,1,,0.0,2.0,0.0,2025-09-30,False,relaxed
600219,55.160000000000004,1,,0.0,3.0,0.0,2025-12-31,False,relaxed
002315,55.13,1,,0.0,4.0,0.0,2025-12-31,False,relaxed
002093,55.08,1,,0.0,4.0,0.0,2025-12-25,False,relaxed
300529,55.07,1,,0.0,3.0,0.0,2025-09-30,False,relaxed
603169,55.050000000000004,1,,0.0,2.0,0.0,2025-09-30,False,relaxed
688392,55.05,1,,0.0,2.0,0.0,2025-09-30,False,relaxed
300953,54.97,1,,0.0,3.0,0.0,2025-09-30,False,relaxed
600055,54.94,1,,0.0,2.0,0.0,2025-09-30,False,relaxed
601868,54.910000000000004,1,,0.0,5.0,0.0,2025-09-30,False,relaxed
002516,54.89,1,,0.0,2.0,0.0,2025-12-18,False,relaxed
301005,54.87,1,,0.0,4.0,0.0,2025-09-30,False,relaxed
300673,54.83,1,,0.0,2.0,0.0,2025-11-24,False,relaxed
000965,54.82,1,,0.0,2.0,0.0,2025-09-30,False,relaxed
300651,54.8,1,,0.0,2.0,0.0,2025-09-30,False,relaxed
000951,54.77,1,,0.0,2.0,0.0,2025-09-30,False,relaxed
688233,54.730000000000004,1,,0.0,4.0,0.0,2025-12-31,False,relaxed
301070,54.62,1,,0.0,2.0,0.0,2025-09-30,False,relaxed
688599,54.47,1,,0.0,3.0,0.0,2026-03-05,False,relaxed
688389,54.42,1,,0.0,2.0,0.0,2025-09-30,False,relaxed
300595,54.400000000000006,1,,0.0,2.0,0.0,2025-09-30,False,relaxed
002892,54.4,1,,0.0,4.0,0.0,2025-11-17,False,relaxed
688220,54.39,1,,0.0,2.0,0.0,2025-09-30,False,relaxed
601717,54.36,1,,0.0,2.0,0.0,2025-09-30,False,relaxed
002746,54.15,1,,0.0,2.0,0.0,2025-09-30,False,relaxed
600633,54.14,1,,0.0,3.0,0.0,2025-09-30,False,relaxed
600121,54.120000000000005,1,,0.0,2.0,0.0,2025-09-30,False,relaxed
002081,54.06,1,,0.0,2.0,0.0,2025-09-30,False,relaxed
688659,54.02,1,,0.0,2.0,0.0,2025-09-30,False,relaxed
605289,54.0,1,,0.0,2.0,0.0,2025-12-10,False,relaxed
000801,53.96,1,,0.0,2.0,0.0,2025-09-30,False,relaxed
300019,53.89,1,,0.0,2.0,0.0,2025-09-30,False,relaxed
600266,53.71,1,,0.0,7.0,0.0,2025-09-30,False,relaxed
300211,53.699999999999996,1,,0.0,2.0,0.0,2025-09-30,False,relaxed
600195,53.66,1,,0.0,2.0,0.0,2025-09-30,False,relaxed
002943,53.61,1,,0.0,2.0,0.0,2025-09-30,False,relaxed
600644,53.53,1,,0.0,2.0,0.0,2025-09-30,False,relaxed
000862,53.489999999999995,1,,0.0,2.0,0.0,2025-09-30,False,relaxed
600316,53.400000000000006,1,,0.0,4.0,0.0,2025-09-30,False,relaxed
300602,53.4,1,,0.0,3.0,0.0,2025-09-30,False,relaxed
600862,53.39,1,,0.0,3.0,0.0,2025-12-31,False,relaxed
002101,53.38,1,,0.0,2.0,0.0,2026-02-12,False,relaxed
600258,53.37,1,,0.0,4.0,0.0,2025-09-30,False,relaxed
300910,53.29,1,,0.0,2.0,0.0,2025-09-30,False,relaxed
603009,53.29,1,,0.0,3.0,0.0,2026-01-27,False,relaxed
603199,53.28,1,,0.0,2.0,0.0,2025-09-30,False,relaxed
002940,53.26,1,,0.0,3.0,0.0,2025-09-30,False,relaxed
000415,53.25,1,,0.0,2.0,0.0,2025-09-30,False,relaxed
000900,53.24,1,,0.0,3.0,0.0,2025-09-30,False,relaxed
688029,53.23,1,,0.0,4.0,0.0,2025-09-30,False,relaxed
002615,53.19,1,,0.0,2.0,0.0,2026-02-27,False,relaxed
002689,53.18,1,,0.0,2.0,0.0,2025-09-30,False,relaxed
002697,53.16,1,,0.0,2.0,0.0,2025-09-30,False,relaxed
600637,53.15,1,,0.0,2.0,0.0,2025-09-30,False,relaxed
600368,53.13,1,,0.0,2.0,0.0,2025-09-30,False,relaxed
688658,53.099999999999994,1,,0.0,3.0,0.0,2025-12-31,False,relaxed
603866,53.06,1,,0.0,3.0,0.0,2026-03-20,False,relaxed
002091,53.019999999999996,1,,0.0,2.0,0.0,2025-09-30,False,relaxed
688700,52.940000000000005,1,,0.0,2.0,0.0,2025-09-30,False,relaxed
688317,52.910000000000004,1,,0.0,3.0,0.0,2025-10-16,False,relaxed
688083,52.89,1,,0.0,4.0,0.0,2025-09-30,False,relaxed
002895,52.849999999999994,1,,0.0,3.0,0.0,2025-09-30,False,relaxed
600120,52.84,1,,0.0,5.0,0.0,2025-09-30,False,relaxed
688189,52.78,1,,0.0,4.0,0.0,2025-09-30,False,relaxed
000928,52.769999999999996,1,,0.0,6.0,0.0,2025-09-30,False,relaxed
600153,52.75,1,,0.0,3.0,0.0,2025-09-30,False,relaxed
002078,52.75,1,,0.0,4.0,0.0,2025-09-30,False,relaxed
688087,52.73,1,,0.0,4.0,0.0,2025-09-30,False,relaxed
603599,52.69,1,,0.0,5.0,0.0,2025-09-30,False,relaxed
600060,52.69,1,,0.0,2.0,0.0,2025-09-30,False,relaxed
600261,52.660000000000004,1,,0.0,2.0,0.0,2025-09-30,False,relaxed
600323,52.65,1,,0.0,5.0,0.0,2025-09-30,False,relaxed
600664,52.589999999999996,1,,0.0,4.0,0.0,2025-09-30,False,relaxed
002007,52.58,1,,0.0,2.0,0.0,2025-09-30,False,relaxed
688219,52.57,1,,0.0,2.0,0.0,2025-09-30,False,relaxed
600629,52.57,1,,0.0,3.0,0.0,2025-09-30,False,relaxed
300735,52.56,1,,0.0,2.0,0.0,2025-09-30,False,relaxed
600452,52.51,1,,0.0,2.0,0.0,2025-09-30,False,relaxed
000002,52.47,1,,0.0,5.0,0.0,2025-09-30,False,relaxed
002401,52.47,1,,0.0,2.0,0.0,2025-09-30,False,relaxed
301630,52.44,1,,0.0,2.0,0.0,2025-09-30,False,relaxed
600563,52.43,1,,0.0,3.0,0.0,2025-09-30,False,relaxed
603901,52.4,1,,0.0,3.0,0.0,2026-02-03,False,relaxed
300489,52.37,1,,0.0,2.0,0.0,2025-09-30,False,relaxed
688601,52.34,1,,0.0,3.0,0.0,2025-09-30,False,relaxed
603883,52.32,1,,0.0,2.0,0.0,2025-09-30,False,relaxed
601519,52.28,1,,0.0,2.0,0.0,2025-12-31,False,relaxed
300204,52.26,1,,0.0,6.0,0.0,2025-09-30,False,relaxed
002929,52.26,1,,0.0,3.0,0.0,2025-09-30,False,relaxed
002293,52.24,1,,0.0,2.0,0.0,2025-09-30,False,relaxed
688652,52.24,1,,0.0,4.0,0.0,2025-11-13,False,relaxed
300733,52.239999999999995,1,,0.0,3.0,0.0,2025-09-30,False,relaxed
300394,52.220000000000006,1,,0.0,5.0,0.0,2025-11-25,False,relaxed
601899,52.2,1,,0.0,3.0,0.0,2025-12-31,False,relaxed
600658,52.09,1,,0.0,2.0,0.0,2025-09-30,False,relaxed
603995,52.08,1,,0.0,2.0,0.0,2025-09-30,False,relaxed
301117,52.04,1,,0.0,3.0,0.0,2026-03-10,False,relaxed
002338,51.99,1,,0.0,3.0,0.0,2025-09-30,False,relaxed
300100,51.98,1,,0.0,3.0,0.0,2025-09-30,False,relaxed
603383,51.97,1,,0.0,4.0,0.0,2025-10-31,False,relaxed
600507,51.96,1,,0.0,4.0,0.0,2025-12-31,False,relaxed
600221,51.95,1,,0.0,2.0,0.0,2026-01-30,False,relaxed
002246,51.93,1,,0.0,3.0,0.0,2025-09-30,False,relaxed
300304,51.910000000000004,1,,0.0,5.0,0.0,2026-01-30,False,relaxed
002077,51.9,1,,0.0,3.0,0.0,2025-09-30,False,relaxed
002301,51.9,1,,0.0,2.0,0.0,2025-10-21,False,relaxed
002809,51.9,1,,0.0,2.0,0.0,2025-09-30,False,relaxed
002572,51.81999999999999,1,,0.0,3.0,0.0,2025-12-23,False,relaxed
600328,51.81,1,,0.0,3.0,0.0,2025-09-30,False,relaxed
688122,51.800000000000004,1,,0.0,4.0,0.0,2025-09-30,False,relaxed
600498,51.72,1,,0.0,2.0,0.0,2025-09-30,False,relaxed
601336,51.7,1,,0.0,6.0,0.0,2025-09-30,False,relaxed
000025,51.59,1,,0.0,3.0,0.0,2025-09-30,False,relaxed
600449,51.59,1,,0.0,3.0,0.0,2025-09-30,False,relaxed
600736,51.56,1,,0.0,2.0,0.0,2025-09-30,False,relaxed
605128,51.54,1,,0.0,2.0,0.0,2025-09-30,False,relaxed
000863,51.519999999999996,1,,0.0,2.0,0.0,2025-09-30,False,relaxed
603118,51.44,1,,0.0,3.0,0.0,2026-01-06,False,relaxed
600461,51.36,1,,0.0,2.0,0.0,2025-09-30,False,relaxed
300294,51.35,1,,0.0,2.0,0.0,2025-09-30,False,relaxed
000807,51.32,1,,0.0,2.0,0.0,2025-09-30,False,relaxed
002866,51.31,1,,0.0,2.0,0.0,2025-09-30,False,relaxed
688120,51.25,1,,0.0,5.0,0.0,2025-09-30,False,relaxed
002896,51.230000000000004,1,,0.0,3.0,0.0,2025-09-30,False,relaxed
688298,51.08,1,,0.0,2.0,0.0,2025-09-30,False,relaxed
603129,51.06,1,,0.0,4.0,0.0,2025-09-30,False,relaxed
300259,51.05,1,,0.0,2.0,0.0,2025-09-30,False,relaxed
002601,51.01,1,,0.0,2.0,0.0,2025-09-30,False,relaxed
688668,50.99,1,,0.0,3.0,0.0,2025-09-30,False,relaxed
688095,50.910000000000004,1,,0.0,5.0,0.0,2025-09-30,False,relaxed
300501,50.91,1,,0.0,2.0,0.0,2025-12-02,False,relaxed
688072,50.85,1,,0.0,4.0,0.0,2025-09-30,False,relaxed
600782,50.839999999999996,1,,0.0,2.0,0.0,2025-09-30,False,relaxed
002416,50.78,1,,0.0,3.0,0.0,2025-09-30,False,relaxed
000059,50.78,1,,0.0,2.0,0.0,2025-09-30,False,relaxed
300034,50.76,1,,0.0,2.0,0.0,2025-12-31,False,relaxed
688768,50.730000000000004,1,,0.0,2.0,0.0,2025-09-30,False,relaxed
600271,50.720000000000006,1,,0.0,2.0,0.0,2025-09-30,False,relaxed
000630,50.69,1,,0.0,3.0,0.0,2025-09-30,False,relaxed
002832,50.650000000000006,1,,0.0,4.0,0.0,2025-09-30,False,relaxed
600773,50.65,1,,0.0,2.0,0.0,2025-09-30,False,relaxed
002409,50.64,1,,0.0,3.0,0.0,2025-09-30,False,relaxed
600066,50.580000000000005,1,,0.0,3.0,0.0,2025-09-30,False,relaxed
300706,50.58,1,,0.0,2.0,0.0,2025-09-30,False,relaxed
000795,50.57,1,,0.0,3.0,0.0,2025-09-30,False,relaxed
002290,50.52,1,,0.0,3.0,0.0,2026-02-03,False,relaxed
600980,50.44,1,,0.0,2.0,0.0,2025-09-30,False,relaxed
688677,50.4,1,,0.0,3.0,0.0,2025-09-30,False,relaxed
300945,50.4,1,,0.0,2.0,0.0,2025-09-30,False,relaxed
002202,50.29,1,,0.0,3.0,0.0,2025-09-30,False,relaxed
301220,50.269999999999996,1,,0.0,2.0,0.0,2025-09-30,False,relaxed
600612,50.24,1,,0.0,2.0,0.0,2025-09-30,False,relaxed
002345,50.22,1,,0.0,5.0,0.0,2025-09-30,False,relaxed
002557,50.06,1,,0.0,4.0,0.0,2025-09-30,False,relaxed
688766,50.01,1,,0.0,3.0,0.0,2025-12-31,False,relaxed
002135,50.01,1,,0.0,3.0,0.0,2026-03-10,False,relaxed
603501,50.0,1,,0.0,4.0,0.0,2025-12-10,False,relaxed
